SampleID,Zip_Code,Ward,Time,Lead_ppb
1,48504,6,First Draw,0.344
1,48504,6,Forty Five Sec,0.226
1,48504,6,Two Min,0.145
2,48507,9,First Draw,8.133
2,48507,9,Forty Five Sec,10.77
2,48507,9,Two Min,2.761
4,48504,1,First Draw,1.111
4,48504,1,Forty Five Sec,0.11
4,48504,1,Two Min,0.123
5,48507,8,First Draw,8.007
5,48507,8,Forty Five Sec,7.446
5,48507,8,Two Min,3.384
6,48505,3,First Draw,1.951
6,48505,3,Forty Five Sec,0.048
6,48505,3,Two Min,0.035
7,48507,9,First Draw,7.2
7,48507,9,Forty Five Sec,1.4
7,48507,9,Two Min,0.2
8,48507,9,First Draw,40.63
8,48507,9,Forty Five Sec,9.726
8,48507,9,Two Min,6.132
9,48503,5,First Draw,1.1
9,48503,5,Forty Five Sec,2.5
9,48503,5,Two Min,0.1
12,48507,9,First Draw,10.6
12,48507,9,Forty Five Sec,1.038
12,48507,9,Two Min,1.294
13,48505,3,First Draw,6.2
13,48505,3,Forty Five Sec,4.2
13,48505,3,Two Min,2.3
15,48507,9,First Draw,4.358
15,48507,9,Forty Five Sec,0.822
15,48507,9,Two Min,0.147
16,48505,5,First Draw,24.37
16,48505,5,Forty Five Sec,8.796
16,48505,5,Two Min,4.347
17,48505,2,First Draw,6.609
17,48505,2,Forty Five Sec,5.752
17,48505,2,Two Min,1.433
18,48503,7,First Draw,4.062
18,48503,7,Forty Five Sec,1.099
18,48503,7,Two Min,1.085
19,48507,9,First Draw,2.484
19,48507,9,Forty Five Sec,0.72
19,48507,9,Two Min,0.565
20,48507,9,First Draw,0.438
20,48507,9,Forty Five Sec,1.046
20,48507,9,Two Min,0.511
21,48503,5,First Draw,1.29
21,48503,5,Forty Five Sec,0.243
21,48503,5,Two Min,0.225
22,48504,6,First Draw,0.548
22,48504,6,Forty Five Sec,0.622
22,48504,6,Two Min,0.361
23,48504,2,First Draw,3.131
23,48504,2,Forty Five Sec,0.674
23,48504,2,Two Min,0.683
24,48504,6,First Draw,120
24,48504,6,Forty Five Sec,239.7
24,48504,6,Two Min,29.71
25,48505,1,First Draw,2.911
25,48505,1,Forty Five Sec,0.406
25,48505,1,Two Min,0.237
26,48505,5,First Draw,16.52
26,48505,5,Forty Five Sec,10.26
26,48505,5,Two Min,2.762
27,48505,1,First Draw,1.984
27,48505,1,Forty Five Sec,1.13
27,48505,1,Two Min,0.712
28,48503,7,First Draw,5.367
28,48503,7,Forty Five Sec,2.474
28,48503,7,Two Min,1.616
29,48504,2,First Draw,5.5
29,48504,2,Forty Five Sec,8.4
29,48504,2,Two Min,2.4
30,48506,4,First Draw,0.639
30,48506,4,Forty Five Sec,0.223
30,48506,4,Two Min,0.194
31,48503,7,First Draw,10.32
31,48503,7,Forty Five Sec,13.47
31,48503,7,Two Min,18.19
33,48503,6,First Draw,66.88
33,48503,6,Forty Five Sec,2.662
33,48503,6,Two Min,2.082
34,48505,1,First Draw,20.41
34,48505,1,Forty Five Sec,3.543
34,48505,1,Two Min,2.344
35,48504,6,First Draw,109.6
35,48504,6,Forty Five Sec,80.47
35,48504,6,Two Min,94.52
36,48503,8,First Draw,5.06
36,48503,8,Forty Five Sec,3.406
36,48503,8,Two Min,4.088
37,48504,2,First Draw,2.774
37,48504,2,Forty Five Sec,0.21
37,48504,2,Two Min,0.264
38,48505,3,First Draw,4.453
38,48505,3,Forty Five Sec,3.679
38,48505,3,Two Min,3.523
39,48505,1,First Draw,0.4
39,48505,1,Forty Five Sec,0.3
39,48505,1,Two Min,0.7
40,48529,9,First Draw,0.974
40,48529,9,Forty Five Sec,0.142
40,48529,9,Two Min,0.118
41,48505,5,First Draw,3.228
41,48505,5,Forty Five Sec,2.534
41,48505,5,Two Min,2.222
42,48505,2,First Draw,12.55
42,48505,2,Forty Five Sec,4.132
42,48505,2,Two Min,0.12
43,48505,3,First Draw,0.501
43,48505,3,Forty Five Sec,0.156
43,48505,3,Two Min,15.14
44,48504,2,First Draw,2.448
44,48504,2,Forty Five Sec,0.373
44,48504,2,Two Min,0.288
45,48505,3,First Draw,5.508
45,48505,3,Forty Five Sec,5.157
45,48505,3,Two Min,2.621
46,48504,6,First Draw,1.293
46,48504,6,Forty Five Sec,0.441
46,48504,6,Two Min,0.281
47,48505,1,First Draw,4.699
47,48505,1,Forty Five Sec,1.395
47,48505,1,Two Min,0.329
48,48504,6,First Draw,6.093
48,48504,6,Forty Five Sec,2.682
48,48504,6,Two Min,1.458
49,48504,2,First Draw,0.8
49,48504,2,Forty Five Sec,0.8
49,48504,2,Two Min,0.5
50,48503,5,First Draw,1.626
50,48503,5,Forty Five Sec,1.332
50,48503,5,Two Min,0.327
51,48507,8,First Draw,2.576
51,48507,8,Forty Five Sec,2.852
51,48507,8,Two Min,1.48
52,48504,1,First Draw,2.362
52,48504,1,Forty Five Sec,0.467
52,48504,1,Two Min,0.339
53,48503,5,First Draw,1.585
53,48503,5,Forty Five Sec,0.494
53,48503,5,Two Min,1.232
54,48506,4,First Draw,3.058
54,48506,4,Forty Five Sec,1.808
54,48506,4,Two Min,1.169
55,48506,4,First Draw,2.423
55,48506,4,Forty Five Sec,0.393
55,48506,4,Two Min,0.373
56,48503,8,First Draw,30.91
56,48503,8,Forty Five Sec,42.58
56,48503,8,Two Min,44.6
57,48503,8,First Draw,4.47
57,48503,8,Forty Five Sec,3.649
57,48503,8,Two Min,1
58,48505,1,First Draw,2.172
58,48505,1,Forty Five Sec,1.76
58,48505,1,Two Min,1.44
59,48505,3,First Draw,1.8
59,48505,3,Forty Five Sec,0.5
59,48505,3,Two Min,0.2
63,48503,5,First Draw,0.965
63,48503,5,Forty Five Sec,0.166
63,48503,5,Two Min,0.319
65,48505,1,First Draw,7.636
65,48505,1,Forty Five Sec,5.206
65,48505,1,Two Min,9.239
66,48506,3,First Draw,3.158
66,48506,3,Forty Five Sec,1.948
66,48506,3,Two Min,2.802
67,48503,7,First Draw,105.3
67,48503,7,Forty Five Sec,12.84
67,48503,7,Two Min,4.534
68,48506,3,First Draw,4.476
68,48506,3,Forty Five Sec,0.355
68,48506,3,Two Min,0.334
69,48504,1,First Draw,2.828
69,48504,1,Forty Five Sec,6.694
69,48504,1,Two Min,20.99
71,48503,5,First Draw,2.481
71,48503,5,Forty Five Sec,3.86
71,48503,5,Two Min,24.64
72,48507,5,First Draw,11.52
72,48507,5,Forty Five Sec,0.288
72,48507,5,Two Min,0.215
73,48507,8,First Draw,3.784
73,48507,8,Forty Five Sec,0.292
73,48507,8,Two Min,0.258
74,48503,5,First Draw,1.344
74,48503,5,Forty Five Sec,0.729
74,48503,5,Two Min,1.226
75,48504,6,First Draw,11.93
75,48504,6,Forty Five Sec,9.645
75,48504,6,Two Min,3.514
76,48507,9,First Draw,10.96
76,48507,9,Forty Five Sec,7.744
76,48507,9,Two Min,4.16
77,48504,6,First Draw,3.341
77,48504,6,Forty Five Sec,0.555
77,48504,6,Two Min,0.917
78,48503,5,First Draw,1.229
78,48503,5,Forty Five Sec,1.192
78,48503,5,Two Min,0.218
79,48503,6,First Draw,5.153
79,48503,6,Forty Five Sec,0.385
79,48503,6,Two Min,0.322
80,48504,6,First Draw,6.054
80,48504,6,Forty Five Sec,0.927
80,48504,6,Two Min,0.676
82,48504,2,First Draw,31.14
82,48504,2,Forty Five Sec,4.73
82,48504,2,Two Min,3.188
83,48504,6,First Draw,102.7
83,48504,6,Forty Five Sec,9.894
83,48504,6,Two Min,3.133
84,48504,2,First Draw,1.38
84,48504,2,Forty Five Sec,3.734
84,48504,2,Two Min,0.524
85,48505,3,First Draw,1.132
85,48505,3,Forty Five Sec,2.17
85,48505,3,Two Min,0.465
87,48507,9,First Draw,3.232
87,48507,9,Forty Five Sec,2.989
87,48507,9,Two Min,1.927
88,48532,8,First Draw,0.507
88,48532,8,Forty Five Sec,2.315
88,48532,8,Two Min,0.231
90,48506,4,First Draw,8.561
90,48506,4,Forty Five Sec,5.141
90,48506,4,Two Min,4.724
91,48505,3,First Draw,9.997
91,48505,3,Forty Five Sec,0.983
91,48505,3,Two Min,0.611
92,48504,1,First Draw,4.152
92,48504,1,Forty Five Sec,0.758
92,48504,1,Two Min,0.433
93,48504,2,First Draw,75.82
93,48504,2,Forty Five Sec,11.65
93,48504,2,Two Min,3.942
95,48506,4,First Draw,138.8
95,48506,4,Forty Five Sec,2.745
95,48506,4,Two Min,0.797
96,48507,9,First Draw,0.8
96,48507,9,Forty Five Sec,0.2
96,48507,9,Two Min,0.2
97,48504,2,First Draw,7.244
97,48504,2,Forty Five Sec,1051
97,48504,2,Two Min,1.328
98,48506,3,First Draw,1.621
98,48506,3,Forty Five Sec,0.3
98,48506,3,Two Min,0.238
99,48505,1,First Draw,1.032
99,48505,1,Forty Five Sec,0.363
99,48505,1,Two Min,0.216
100,48504,2,First Draw,0.866
100,48504,2,Forty Five Sec,0.292
100,48504,2,Two Min,0.269
101,48504,2,First Draw,2.525
101,48504,2,Forty Five Sec,0.59
101,48504,2,Two Min,0.438
102,48505,5,First Draw,9.408
102,48505,5,Forty Five Sec,4.444
102,48505,5,Two Min,3.935
103,48505,1,First Draw,0.739
103,48505,1,Forty Five Sec,4.883
103,48505,1,Two Min,0.953
104,48505,1,First Draw,0.9
104,48505,1,Forty Five Sec,0.2
104,48505,1,Two Min,0.1
105,48504,2,First Draw,1.403
105,48504,2,Forty Five Sec,0.142
105,48504,2,Two Min,0.121
106,48503,8,First Draw,5.655
106,48503,8,Forty Five Sec,5.882
106,48503,8,Two Min,10.66
107,48505,2,First Draw,31.06
107,48505,2,Forty Five Sec,8.578
107,48505,2,Two Min,3.176
108,48506,4,First Draw,1.469
108,48506,4,Forty Five Sec,0.291
108,48506,4,Two Min,0.25
109,48505,1,First Draw,23.85
109,48505,1,Forty Five Sec,2.301
109,48505,1,Two Min,1.62
110,48505,2,First Draw,9.766
110,48505,2,Forty Five Sec,11.13
110,48505,2,Two Min,7.144
111,48505,1,First Draw,4.69
111,48505,1,Forty Five Sec,0.953
111,48505,1,Two Min,0.929
112,48505,3,First Draw,4.066
112,48505,3,Forty Five Sec,5.894
112,48505,3,Two Min,4.76
113,48505,1,First Draw,0.846
113,48505,1,Forty Five Sec,0.455
113,48505,1,Two Min,0.366
114,48505,1,First Draw,2.054
114,48505,1,Forty Five Sec,3.978
114,48505,1,Two Min,0.355
115,48506,7,First Draw,3.744
115,48506,7,Forty Five Sec,5.592
115,48506,7,Two Min,2.476
116,48507,9,First Draw,12.9
116,48507,9,Forty Five Sec,2.202
116,48507,9,Two Min,1.667
117,48505,1,First Draw,0.543
117,48505,1,Forty Five Sec,0.183
117,48505,1,Two Min,0.162
118,48503,7,First Draw,6.877
118,48503,7,Forty Five Sec,2.984
118,48503,7,Two Min,2.201
119,48505,1,First Draw,0.552
119,48505,1,Forty Five Sec,0.19
119,48505,1,Two Min,0.205
121,48506,3,First Draw,59
121,48506,3,Forty Five Sec,2.9
121,48506,3,Two Min,0.5
122,48506,4,First Draw,0.349
122,48506,4,Forty Five Sec,0.13
122,48506,4,Two Min,0.131
123,48506,4,First Draw,4.764
123,48506,4,Forty Five Sec,1.388
123,48506,4,Two Min,1.06
124,48506,4,First Draw,0.832
124,48506,4,Forty Five Sec,0.284
124,48506,4,Two Min,0.214
125,48506,4,First Draw,1.224
125,48506,4,Forty Five Sec,0.568
125,48506,4,Two Min,0.465
126,48507,9,First Draw,15.9
126,48507,9,Forty Five Sec,3.7
126,48507,9,Two Min,2.2
127,48506,4,First Draw,5.667
127,48506,4,Forty Five Sec,1.405
127,48506,4,Two Min,0.896
128,48506,4,First Draw,3.564
128,48506,4,Forty Five Sec,2.767
128,48506,4,Two Min,2.127
129,48506,4,First Draw,0.475
129,48506,4,Forty Five Sec,0.2
129,48506,4,Two Min,0.268
130,48507,9,First Draw,5.3
130,48507,9,Forty Five Sec,0.5
130,48507,9,Two Min,0.2
131,48506,4,First Draw,1.166
131,48506,4,Forty Five Sec,0.736
131,48506,4,Two Min,0.269
132,48506,4,First Draw,0.684
132,48506,4,Forty Five Sec,0.306
132,48506,4,Two Min,0.094
133,48503,8,First Draw,6.347
133,48503,8,Forty Five Sec,1.724
133,48503,8,Two Min,0.678
134,48507,9,First Draw,10.56
134,48507,9,Forty Five Sec,5.672
134,48507,9,Two Min,4.813
135,48502,5,First Draw,2.273
135,48502,5,Forty Five Sec,2.808
135,48502,5,Two Min,3.048
136,48505,1,First Draw,1.571
136,48505,1,Forty Five Sec,1.265
136,48505,1,Two Min,0.316
137,48503,8,First Draw,5.402
137,48503,8,Forty Five Sec,4.196
137,48503,8,Two Min,1.945
138,48504,6,First Draw,43.19
138,48504,6,Forty Five Sec,7.688
138,48504,6,Two Min,4.39
139,48503,8,First Draw,1.492
139,48503,8,Forty Five Sec,1.409
139,48503,8,Two Min,0.378
140,48503,5,First Draw,66.24
140,48503,5,Forty Five Sec,17.75
140,48503,5,Two Min,8.815
141,48505,1,First Draw,1.799
141,48505,1,Forty Five Sec,0.032
141,48505,1,Two Min,0.031
142,48503,8,First Draw,1.861
142,48503,8,Forty Five Sec,1.355
142,48503,8,Two Min,0.64
143,48503,8,First Draw,2.672
143,48503,8,Forty Five Sec,2.001
143,48503,8,Two Min,1.094
144,48505,1,First Draw,3.741
144,48505,1,Forty Five Sec,1.211
144,48505,1,Two Min,0.258
145,48506,4,First Draw,1.934
145,48506,4,Forty Five Sec,0.374
145,48506,4,Two Min,0.424
146,48506,4,First Draw,27.05
146,48506,4,Forty Five Sec,0.902
146,48506,4,Two Min,0.61
147,48506,4,First Draw,1.174
147,48506,4,Forty Five Sec,0.291
147,48506,4,Two Min,4.055
148,48507,9,First Draw,2.325
148,48507,9,Forty Five Sec,1.099
148,48507,9,Two Min,0.466
149,48506,4,First Draw,1.966
149,48506,4,Forty Five Sec,0.253
149,48506,4,Two Min,0.201
150,48506,4,First Draw,1.959
150,48506,4,Forty Five Sec,0.438
150,48506,4,Two Min,0.448
151,48506,4,First Draw,0.823
151,48506,4,Forty Five Sec,1.881
151,48506,4,Two Min,0.412
152,48506,4,First Draw,11.2
152,48506,4,Forty Five Sec,7.553
152,48506,4,Two Min,12.21
153,48504,2,First Draw,5.668
153,48504,2,Forty Five Sec,3.341
153,48504,2,Two Min,3.268
154,48506,4,First Draw,6.261
154,48506,4,Forty Five Sec,1.316
154,48506,4,Two Min,0.5
155,48506,4,First Draw,4.797
155,48506,4,Forty Five Sec,1.594
155,48506,4,Two Min,1.264
156,48506,4,First Draw,0.64
156,48506,4,Forty Five Sec,0.905
156,48506,4,Two Min,0.151
158,48507,9,First Draw,8.713
158,48507,9,Forty Five Sec,2.799
158,48507,9,Two Min,50.97
159,48507,9,First Draw,2.544
159,48507,9,Forty Five Sec,1.099
159,48507,9,Two Min,0.498
161,48507,9,First Draw,0.41
161,48507,9,Forty Five Sec,0.096
161,48507,9,Two Min,0.116
162,48503,7,First Draw,32.85
162,48503,7,Forty Five Sec,35.76
162,48503,7,Two Min,9.103
163,48503,7,First Draw,12.87
163,48503,7,Forty Five Sec,14.87
163,48503,7,Two Min,6.326
164,48503,8,First Draw,38.02
164,48503,8,Forty Five Sec,38.7
164,48503,8,Two Min,38.94
165,48507,9,First Draw,2.435
165,48507,9,Forty Five Sec,8.183
165,48507,9,Two Min,1.296
166,48507,9,First Draw,2.997
166,48507,9,Forty Five Sec,1.867
166,48507,9,Two Min,1.512
167,48507,9,First Draw,11
167,48507,9,Forty Five Sec,10.53
167,48507,9,Two Min,8.688
168,48507,9,First Draw,6.219
168,48507,9,Forty Five Sec,12.33
168,48507,9,Two Min,4.202
169,48503,8,First Draw,8.8
169,48503,8,Forty Five Sec,3.1
169,48503,8,Two Min,4.5
170,48504,6,First Draw,8.071
170,48504,6,Forty Five Sec,0.947
170,48504,6,Two Min,0.839
171,48507,9,First Draw,3.262
171,48507,9,Forty Five Sec,0.453
171,48507,9,Two Min,0.252
172,48503,8,First Draw,2.267
172,48503,8,Forty Five Sec,0.541
172,48503,8,Two Min,0.391
173,48505,3,First Draw,0.922
173,48505,3,Forty Five Sec,0.878
173,48505,3,Two Min,0.491
174,48504,6,First Draw,27.02
174,48504,6,Forty Five Sec,31.25
174,48504,6,Two Min,11.37
176,48503,8,First Draw,0.906
176,48503,8,Forty Five Sec,0.961
176,48503,8,Two Min,1.052
177,48507,9,First Draw,2.85
177,48507,9,Forty Five Sec,6.862
177,48507,9,Two Min,0.951
178,48504,2,First Draw,1.852
178,48504,2,Forty Five Sec,0.472
178,48504,2,Two Min,0.422
179,48506,4,First Draw,5.35
179,48506,4,Forty Five Sec,1.328
179,48506,4,Two Min,0.595
180,48503,7,First Draw,25.21
180,48503,7,Forty Five Sec,4.337
180,48503,7,Two Min,1.019
182,48504,6,First Draw,15.55
182,48504,6,Forty Five Sec,3.962
182,48504,6,Two Min,1.861
183,48506,4,First Draw,0.793
183,48506,4,Forty Five Sec,0.533
183,48506,4,Two Min,0.391
184,48506,4,First Draw,5.068
184,48506,4,Forty Five Sec,0.683
184,48506,4,Two Min,0.489
185,48507,8,First Draw,26.64
185,48507,8,Forty Five Sec,8.878
185,48507,8,Two Min,6.619
186,48506,4,First Draw,1.867
186,48506,4,Forty Five Sec,0.165
186,48506,4,Two Min,0.175
189,48506,4,First Draw,19.16
189,48506,4,Forty Five Sec,12.54
189,48506,4,Two Min,7.719
191,48503,5,First Draw,28.7
191,48503,5,Forty Five Sec,12.7
191,48503,5,Two Min,8.6
192,48507,9,First Draw,20.22
192,48507,9,Forty Five Sec,8.908
192,48507,9,Two Min,6.677
193,48507,8,First Draw,2.9
193,48507,8,Forty Five Sec,0.6
193,48507,8,Two Min,0.7
194,48503,7,First Draw,18.86
194,48503,7,Forty Five Sec,5.051
194,48503,7,Two Min,2.548
195,48507,9,First Draw,2.816
195,48507,9,Forty Five Sec,0.324
195,48507,9,Two Min,0.362
196,48506,3,First Draw,118.4
196,48506,3,Forty Five Sec,40.78
196,48506,3,Two Min,39.99
197,48506,3,First Draw,27.45
197,48506,3,Forty Five Sec,0.939
197,48506,3,Two Min,0.533
198,48503,7,First Draw,1.2
198,48503,7,Forty Five Sec,0.1
198,48503,7,Two Min,0.1
200,48506,4,First Draw,4.681
200,48506,4,Forty Five Sec,0.755
200,48506,4,Two Min,0.456
201,48506,3,First Draw,11.57
201,48506,3,Forty Five Sec,6.08
201,48506,3,Two Min,1.782
202,48532,8,First Draw,6.557
202,48532,8,Forty Five Sec,0.289
202,48532,8,Two Min,0.371
203,48505,3,First Draw,3.4
203,48505,3,Forty Five Sec,9.6
203,48505,3,Two Min,1.7
204,48504,6,First Draw,0.7
204,48504,6,Forty Five Sec,0.2
204,48504,6,Two Min,0.2
205,48507,8,First Draw,158
205,48507,8,Forty Five Sec,90.83
205,48507,8,Two Min,91.69
206,48506,4,First Draw,0.977
206,48506,4,Forty Five Sec,0.47
206,48506,4,Two Min,0.381
207,48503,8,First Draw,8.471
207,48503,8,Forty Five Sec,4.692
207,48503,8,Two Min,1.48
208,48507,9,First Draw,11.47
208,48507,9,Forty Five Sec,23.15
208,48507,9,Two Min,7.129
209,48503,7,First Draw,5.228
209,48503,7,Forty Five Sec,2.477
209,48503,7,Two Min,1.014
210,48507,9,First Draw,0.956
210,48507,9,Forty Five Sec,0.196
210,48507,9,Two Min,0.157
211,48504,6,First Draw,1.671
211,48504,6,Forty Five Sec,0.405
211,48504,6,Two Min,4.721
212,48507,9,First Draw,1.152
212,48507,9,Forty Five Sec,0.708
212,48507,9,Two Min,0.282
213,48507,9,First Draw,0.5
213,48507,9,Forty Five Sec,0.1
213,48507,9,Two Min,0.1
214,48503,5,First Draw,10.74
214,48503,5,Forty Five Sec,2.331
214,48503,5,Two Min,1.628
215,48507,9,First Draw,3.9
215,48507,9,Forty Five Sec,0.4
215,48507,9,Two Min,0.2
216,48507,9,First Draw,2.149
216,48507,9,Forty Five Sec,0.368
216,48507,9,Two Min,0.333
217,48506,4,First Draw,1.1
217,48506,4,Forty Five Sec,0.4
217,48506,4,Two Min,0.2
218,48507,9,First Draw,7.087
218,48507,9,Forty Five Sec,9.467
218,48507,9,Two Min,1.28
219,48505,1,First Draw,1.329
219,48505,1,Forty Five Sec,0.609
219,48505,1,Two Min,0.527
220,48507,9,First Draw,6.2
220,48507,9,Forty Five Sec,0.7
220,48507,9,Two Min,0.6
221,48505,3,First Draw,0.8
221,48505,3,Forty Five Sec,0.26
221,48505,3,Two Min,0.255
222,48503,8,First Draw,9.3
222,48503,8,Forty Five Sec,9.7
222,48503,8,Two Min,5
223,48504,2,First Draw,2.1
223,48504,2,Forty Five Sec,1.2
223,48504,2,Two Min,0.5
224,48505,1,First Draw,4.563
224,48505,1,Forty Five Sec,3.106
224,48505,1,Two Min,2.997
225,48504,2,First Draw,4.808
225,48504,2,Forty Five Sec,6.196
225,48504,2,Two Min,1.523
226,48504,2,First Draw,0.753
226,48504,2,Forty Five Sec,2.526
226,48504,2,Two Min,0.549
227,48505,1,First Draw,1.862
227,48505,1,Forty Five Sec,1.213
227,48505,1,Two Min,0.898
228,48503,7,First Draw,1.183
228,48503,7,Forty Five Sec,0.366
228,48503,7,Two Min,0.201
229,48503,7,First Draw,8.2
229,48503,7,Forty Five Sec,3.2
229,48503,7,Two Min,2.6
230,48504,6,First Draw,3.679
230,48504,6,Forty Five Sec,0.498
230,48504,6,Two Min,0.288
231,48505,1,First Draw,2.37
231,48505,1,Forty Five Sec,7.333
231,48505,1,Two Min,3.797
234,48504,2,First Draw,0.828
234,48504,2,Forty Five Sec,1.318
234,48504,2,Two Min,0.233
235,48503,7,First Draw,0.719
235,48503,7,Forty Five Sec,0.254
235,48503,7,Two Min,0.058
236,48504,1,First Draw,2.822
236,48504,1,Forty Five Sec,1.221
236,48504,1,Two Min,0.258
237,48504,8,First Draw,2.867
237,48504,8,Forty Five Sec,0.723
237,48504,8,Two Min,0.744
238,48503,7,First Draw,2.332
238,48503,7,Forty Five Sec,3.588
238,48503,7,Two Min,1.221
240,48503,8,First Draw,4.401
240,48503,8,Forty Five Sec,2.111
240,48503,8,Two Min,1.572
241,48504,6,First Draw,2.708
241,48504,6,Forty Five Sec,2.238
241,48504,6,Two Min,0.809
242,48504,6,First Draw,34.13
242,48504,6,Forty Five Sec,6.002
242,48504,6,Two Min,1.71
243,48503,7,First Draw,5.218
243,48503,7,Forty Five Sec,2.614
243,48503,7,Two Min,0.831
244,48503,7,First Draw,15.73
244,48503,7,Forty Five Sec,13.95
244,48503,7,Two Min,3.584
245,48504,6,First Draw,3.045
245,48504,6,Forty Five Sec,2.744
245,48504,6,Two Min,0.299
246,48503,7,First Draw,1.1
246,48503,7,Forty Five Sec,0.5
246,48503,7,Two Min,0.3
247,48503,7,First Draw,1.386
247,48503,7,Forty Five Sec,0.288
247,48503,7,Two Min,0.432
248,48504,6,First Draw,0.915
248,48504,6,Forty Five Sec,0.354
248,48504,6,Two Min,0.306
249,48504,6,First Draw,2.145
249,48504,6,Forty Five Sec,0.345
249,48504,6,Two Min,3.738
250,48507,8,First Draw,4.056
250,48507,8,Forty Five Sec,0.547
250,48507,8,Two Min,0.378
251,48503,7,First Draw,1.668
251,48503,7,Forty Five Sec,1.508
251,48503,7,Two Min,2.72
252,48503,7,First Draw,7.575
252,48503,7,Forty Five Sec,1.362
252,48503,7,Two Min,1.094
253,48507,8,First Draw,5.59
253,48507,8,Forty Five Sec,4.306
253,48507,8,Two Min,2.019
254,48503,5,First Draw,0.708
254,48503,5,Forty Five Sec,0.326
254,48503,5,Two Min,0.303
255,48504,6,First Draw,1.701
255,48504,6,Forty Five Sec,4.397
255,48504,6,Two Min,1.287
256,48504,6,First Draw,1.467
256,48504,6,Forty Five Sec,0.149
256,48504,6,Two Min,0.137
258,48504,2,First Draw,2.582
258,48504,2,Forty Five Sec,259.8
258,48504,2,Two Min,61.96
259,48505,2,First Draw,22.08
259,48505,2,Forty Five Sec,15.86
259,48505,2,Two Min,9.262
260,48507,8,First Draw,16.51
260,48507,8,Forty Five Sec,2.024
260,48507,8,Two Min,7.068
262,48507,8,First Draw,56.26
262,48507,8,Forty Five Sec,4.692
262,48507,8,Two Min,1.243
263,48504,6,First Draw,2.433
263,48504,6,Forty Five Sec,1.334
263,48504,6,Two Min,1.376
264,48503,7,First Draw,0.5
264,48503,7,Forty Five Sec,0.2
264,48503,7,Two Min,0.5
265,48504,6,First Draw,29.13
265,48504,6,Forty Five Sec,11.57
265,48504,6,Two Min,6.388
266,48505,1,First Draw,12.3
266,48505,1,Forty Five Sec,0.5
266,48505,1,Two Min,0.4
267,48504,6,First Draw,3.445
267,48504,6,Forty Five Sec,0.29
267,48504,6,Two Min,0.167
268,48507,9,First Draw,16.49
268,48507,9,Forty Five Sec,12.83
268,48507,9,Two Min,9.018
269,48503,7,First Draw,3.365
269,48503,7,Forty Five Sec,2.45
269,48503,7,Two Min,1.675
270,48503,7,First Draw,1.154
270,48503,7,Forty Five Sec,0.176
270,48503,7,Two Min,0.12
271,48507,9,First Draw,13.53
271,48507,9,Forty Five Sec,21.91
271,48507,9,Two Min,4.675
272,48504,6,First Draw,2.229
272,48504,6,Forty Five Sec,1.573
272,48504,6,Two Min,0.84
273,48503,7,First Draw,28.91
273,48503,7,Forty Five Sec,5.471
273,48503,7,Two Min,3.056
274,48503,7,First Draw,6.601
274,48503,7,Forty Five Sec,1.929
274,48503,7,Two Min,0.417
275,48507,9,First Draw,0.948
275,48507,9,Forty Five Sec,0.27
275,48507,9,Two Min,0.207
276,48505,3,First Draw,3.484
276,48505,3,Forty Five Sec,0.434
276,48505,3,Two Min,0.306
278,48503,7,First Draw,1.888
278,48503,7,Forty Five Sec,0.359
278,48503,7,Two Min,0.322
279,48503,7,First Draw,13.95
279,48503,7,Forty Five Sec,12.2
279,48503,7,Two Min,8.251
280,48504,6,First Draw,6.27
280,48504,6,Forty Five Sec,4.036
280,48504,6,Two Min,1.182
281,48506,7,First Draw,19.12
281,48506,7,Forty Five Sec,22.02
281,48506,7,Two Min,7.968
282,48507,9,First Draw,1.633
282,48507,9,Forty Five Sec,0.465
282,48507,9,Two Min,0.238
283,48503,7,First Draw,1.114
283,48503,7,Forty Five Sec,0.605
283,48503,7,Two Min,0.255
284,48503,7,First Draw,3.9
284,48503,7,Forty Five Sec,0.558
284,48503,7,Two Min,0.504
285,48504,1,First Draw,3.521
285,48504,1,Forty Five Sec,0.45
285,48504,1,Two Min,0.321
286,48507,9,First Draw,3.832
286,48507,9,Forty Five Sec,0.794
286,48507,9,Two Min,0.339
287,48505,3,First Draw,3.243
287,48505,3,Forty Five Sec,0.738
287,48505,3,Two Min,0.27
289,48503,7,First Draw,0.99
289,48503,7,Forty Five Sec,0.25
289,48503,7,Two Min,0.263
290,48507,9,First Draw,1.203
290,48507,9,Forty Five Sec,19.26
290,48507,9,Two Min,1.626
291,48506,3,First Draw,2.261
291,48506,3,Forty Five Sec,0.102
291,48506,3,Two Min,0.407
292,48503,4,First Draw,16.99
292,48503,4,Forty Five Sec,6.32
292,48503,4,Two Min,3.585
293,48503,7,First Draw,3.322
293,48503,7,Forty Five Sec,2.559
293,48503,7,Two Min,1.512
294,48506,4,First Draw,14.33
294,48506,4,Forty Five Sec,1.284
294,48506,4,Two Min,0.323
295,48503,7,First Draw,18.11
295,48503,7,Forty Five Sec,20.21
295,48503,7,Two Min,4.263
296,48503,7,First Draw,12.81
296,48503,7,Forty Five Sec,7.874
296,48503,7,Two Min,1.78
298,48503,7,First Draw,1.083
298,48503,7,Forty Five Sec,0.322
298,48503,7,Two Min,0.26
299,48503,7,First Draw,29.59
299,48503,7,Forty Five Sec,3.258
299,48503,7,Two Min,1.843
300,48505,1,First Draw,4.287
300,48505,1,Forty Five Sec,4.345
300,48505,1,Two Min,4.905
